material_id,formula,common_name,space_group,a_ang,b_ang,c_ang,alpha_deg,beta_deg,gamma_deg,volume_ang3,density_g_cm3,cif_file_path,capacity_reversible_mAh_g,voltage_discharge_avg_V,capacity_retention_100cyc_percent
1,LiCoO2,LCO,R-3m,2.82,2.82,14.08,90,90,120,96.45,5.09,cif_files/LCO.cif,140,3.85,95
2,LiFePO4,LFP,Pnma,6.01,4.7,4.94,90,90,90,139.85,3.6,cif_files/LFP.cif,160,3.4,98
3,LiNi0.8Co0.1Mn0.1O2,NCM811,R-3m,2.87,2.87,14.24,90,90,120,102.12,4.8,cif_files/NCM811.cif,200,3.7,85
4,LiNi0.5Mn1.5O4,LNMO,Fd-3m,8.17,8.17,8.17,90,90,90,546.52,4.35,cif_files/LNMO.cif,148,4.7,90
5,Li2MnO3,LMO,C2/m,4.98,8.54,9.24,90,109.2,90,366.41,2.9,cif_files/LMO.cif,90,4,78
6,Li4Ti5O12,LLTO,Fd-3m,8.36,8.36,8.36,90,90,90,582.57,3.57,cif_files/LLTO.cif,175,1.55,99
7,LiMn2O4,Spinel MnO2,Fd-3m,8.25,8.25,8.25,90,90,90,561.38,4.28,cif_files/SpinelMnO2.cif,120,4,82
8,NMC_111,NCM111,R-3m,2.86,2.86,14.21,90,90,120,101.38,4.9,cif_files/NCM111.cif,170,3.75,88
9,NaFePO4,NFP,Pnma,5.98,4.75,4.98,90,90,90,140.98,3.58,cif_files/NFP.cif,120,2.8,92
10,KFeO2,KFO,P63mc,3.2,3.2,5.2,90,90,120,46.43,3.2,cif_files/KFO.cif,180,2.5,85
11,CaMnO3,CMO,Pnma,5.28,7.48,5.28,90,90,90,206.49,4,cif_files/CMO.cif,110,3,80
12,MgTi2O4,MTO,Fd-3m,8.3,8.3,8.3,90,90,90,569.83,3.6,cif_files/MTO.cif,100,1.8,94
13,ZnMn2O4,ZMO,Fd-3m,8.42,8.42,8.42,90,90,90,599.59,4.2,cif_files/ZMO.cif,95,2,88
14,Al2O3,AO,R-3c,4.76,4.76,12.99,90,90,120,255.04,3.97,cif_files/AO.cif,0,0,100
15,Fe2O3,IO,R-3c,5.04,5.04,13.72,90,90,120,289.13,5.28,cif_files/IO.cif,1000,1.2,70
16,TiO2,TO,P4_2/mnm,4.59,4.59,2.96,90,90,90,62.35,4.26,cif_files/TO.cif,330,1.7,96
17,VO2,VO,P4_2/mnm,4.55,4.55,2.86,90,90,90,59.1,4.4,cif_files/VO.cif,300,1.8,75
18,Cr2O3,CO,R-3c,4.96,4.96,13.6,90,90,120,283.04,5.22,cif_files/CO.cif,200,2,82
19,MnO2,MO,P4_2/mnm,4.4,4.4,2.86,90,90,90,55.38,4.4,cif_files/MO.cif,1200,1,65
20,Co3O4,COO,Fd-3m,8.08,8.08,8.08,90,90,90,527.05,6.11,cif_files/COO.cif,900,1.5,72
21,NiO,NO,Fm-3m,4.18,4.18,4.18,90,90,90,73.03,6.67,cif_files/NO.cif,200,2.1,86
22,CuO,CuO,C2/c,4.68,3.42,5.13,90,99.5,90,81.48,6.31,cif_files/CuO.cif,600,1.3,78
23,ZnO,ZnO,P6_3mc,3.25,3.25,5.21,90,90,120,47.61,5.61,cif_files/ZnO.cif,150,1.9,90
24,AlPO4,AP,Amm2,9.78,7.98,5.04,90,90,90,393.9,2.57,cif_files/AP.cif,80,2.2,89
25,Ga2O3,GO,C2/m,12.24,3.04,5.81,90,116.2,90,200.01,5.88,cif_files/GO.cif,70,2.3,91
26,In2O3,IOO,Ia-3,10.12,10.12,10.12,90,90,90,1036.43,7.18,cif_files/IOO.cif,60,2.4,93
27,SnO2,SO,P4_2/mnm,4.74,4.74,3.19,90,90,90,71.97,6.95,cif_files/SO.cif,50,2.5,95
28,PbO2,PO,P4_2/mnm,4.95,4.95,3.39,90,90,90,83.2,9.38,cif_files/PO.cif,40,2.6,97
29,Bi2O3,BO,I2/a,5.83,8.16,5.85,90,103.7,90,273.69,8.9,cif_files/BO.cif,30,2.7,99
30,Sb2O3,SOO,C2/c,11.49,3.79,8.89,90,101.4,90,376.13,5.68,cif_files/SOO.cif,20,2.8,98
31,La2O3,LO,I-3,3.94,3.94,5.86,90,90,120,79.43,6.51,cif_files/LO.cif,10,2.9,100
32,CeO2,COO,Fm-3m,5.41,5.41,5.41,90,90,90,158.34,7.32,cif_files/COO.cif,5,3,99.5
33,Pr6O11,POO,I4/mmm,3.84,3.84,25.28,90,90,90,371.58,6.86,cif_files/POO.cif,2,3.1,99.8
34,Nd2O3,NOO,Ia-3,10.99,10.99,10.99,90,90,90,1328.42,7.24,cif_files/NOO.cif,1,3.2,99.9
35,Sm2O3,SMO,Ia-3,10.84,10.84,10.84,90,90,90,1267.01,8.34,cif_files/SMO.cif,0.5,3.3,99.95
36,Eu2O3,EOO,Ia-3,10.89,10.89,10.89,90,90,90,1281.68,8.52,cif_files/EOO.cif,0.2,3.4,99.98
37,Gd2O3,GOO,Ia-3,10.81,10.81,10.81,90,90,90,1259.72,7.41,cif_files/GOO.cif,0.1,3.5,99.99
38,Tb4O7,TOO,I4_1/amd,3.42,3.42,22.35,90,90,90,262.54,7.37,cif_files/TOO.cif,0.05,3.6,100
39,Dy2O3,DOO,Ia-3,10.78,10.78,10.78,90,90,90,1248.58,7.82,cif_files/DOO.cif,0.02,3.7,100
40,Ho2O3,HOO,Ia-3,10.76,10.76,10.76,90,90,90,1242.95,8.43,cif_files/HOO.cif,0.01,3.8,100
41,Er2O3,EROO,Ia-3,10.74,10.74,10.74,90,90,90,1237.32,8.86,cif_files/EROO.cif,0.005,3.9,100
42,Tm2O3,TOO,Ia-3,10.72,10.72,10.72,90,90,90,1231.69,8.58,cif_files/TOO.cif,0.002,4,100
43,Yb2O3,YBOO,Ia-3,10.7,10.7,10.7,90,90,90,1226.06,9.07,cif_files/YBOO.cif,0.001,4.1,100
44,Lu2O3,LUO,Ia-3,10.68,10.68,10.68,90,90,90,1220.43,9.84,cif_files/LUO.cif,0.0005,4.2,100
45,Sc2O3,SCO,Ia-3,10.19,10.19,10.19,90,90,90,1057.32,3.86,cif_files/SCO.cif,0.0002,4.3,100
46,Y2O3,YOO,Ia-3,10.6,10.6,10.6,90,90,90,1190.43,5.03,cif_files/YOO.cif,0.0001,4.4,100
47,ZrO2,ZRO,Fm-3m,5.12,5.12,5.12,90,90,90,134.22,5.89,cif_files/ZRO.cif,0.00005,4.5,100
48,HfO2,HFO,Fm-3m,5.13,5.13,5.13,90,90,90,134.75,9.68,cif_files/HFO.cif,0.00002,4.6,100
49,V2O5,VOO,Pmmn,11.5,3.56,4.37,90,90,90,177.8,3.36,cif_files/VOO.cif,400,2,70
50,Nb2O5,NOO,Pbcm,6.24,11.62,3.91,90,90,90,283.54,4.47,cif_files/NOO.cif,350,2.1,71
51,Ta2O5,TAO,Pbcm,6.26,11.66,3.92,90,90,90,285.01,8.18,cif_files/TAO.cif,320,2.2,72
52,WO3,WO,Pbnm,7.3,7.54,7.69,90,90,90,422.88,7.9,cif_files/WO.cif,300,2.3,73
53,MoO3,MOO,Pbnm,3.95,13.64,3.65,90,103.7,90,194.21,4.69,cif_files/MOO.cif,280,2.4,74
54,ReO3,REO,Pm-3m,3.74,3.74,3.74,90,90,90,52.31,7,cif_files/REO.cif,260,2.5,75
55,Mn2O3,MOO,Ia-3,9.45,9.45,9.45,90,90,90,843.74,4.82,cif_files/MOO.cif,240,2.6,76
56,Fe3O4,IOO,Fd-3m,8.39,8.39,8.39,90,90,90,590.18,5.18,cif_files/IOO.cif,220,2.7,77
57,CoO,COO,Fm-3m,4.26,4.26,4.26,90,90,90,77.27,6.44,cif_files/COO.cif,200,2.8,78
58,NiO,NOO,Fm-3m,4.18,4.18,4.18,90,90,90,73.03,6.67,cif_files/NOO.cif,180,2.9,79
59,Cu2O,CUO,Pn-3m,4.27,4.27,4.27,90,90,90,77.79,6,cif_files/CUO.cif,160,3,80
60,Ag2O,AO,Pn-3m,4.81,4.81,4.81,90,90,90,111.16,7.14,cif_files/AO.cif,140,3.1,81
61,Au2O,AUO,Pn-3m,4.9,4.9,4.9,90,90,90,117.65,12.3,cif_files/AUO.cif,120,3.2,82
62,PtO2,PTO,P4_2/mnm,4.51,4.51,3.12,90,90,90,63.28,10.7,cif_files/PTO.cif,100,3.3,83
63,PdO,PD,Fm-3m,3.39,3.39,3.39,90,90,90,39,8.3,cif_files/PDO.cif,80,3.4,84
64,Rh2O3,RHO,C2/m,9.68,3.62,9.72,90,119.5,90,300.12,7.9,cif_files/RHO.cif,60,3.5,85
65,IrO2,IRO,P4_2/mnm,4.52,4.52,3.11,90,90,90,63.28,10,cif_files/IRO.cif,40,3.6,86
66,OsO2,OSO,P4_2/mnm,4.54,4.54,3.1,90,90,90,63.85,11.4,cif_files/OSO.cif,20,3.7,87
67,RuO2,RUO,P4_2/mnm,4.5,4.5,3.11,90,90,90,62.78,10.65,cif_files/RUO.cif,10,3.8,88
68,Ni(OH)2,NIH,P-3m,3.14,3.14,4.61,90,90,120,39.22,4.1,cif_files/NIH.cif,280,1.4,75
69,Co(OH)2,COH,P-3m,3.15,3.15,4.62,90,90,120,39.4,3.6,cif_files/COH.cif,270,1.5,76
70,Fe(OH)3,IOH,R-3c,5.54,5.54,13.1,90,90,120,347.82,3.9,cif_files/IOH.cif,260,1.6,77
71,Mn(OH)2,MOH,P-3m,3.16,3.16,4.63,90,90,120,39.58,3.27,cif_files/MOH.cif,250,1.7,78
72,Zn(OH)2,ZNOH,P-3m,3.17,3.17,4.64,90,90,120,39.76,3,cif_files/ZNOH.cif,240,1.8,79
73,Cd(OH)2,CDOH,P-3m,3.18,3.18,4.65,90,90,120,39.94,4.8,cif_files/CDOH.cif,230,1.9,80
74,Pb(OH)2,PBOH,P-3m,3.19,3.19,4.66,90,90,120,40.12,5.8,cif_files/PBOH.cif,220,2,81
75,Al(OH)3,AOH,R-3c,4.99,4.99,12.99,90,90,120,282.04,2.42,cif_files/AOH.cif,210,2.1,82
76,Ga(OH)3,GAOH,R-3c,5,5,13,90,90,120,283.04,3,cif_files/GAOH.cif,200,2.2,83
77,In(OH)3,INOH,R-3c,5.01,5.01,13.01,90,90,120,284.04,4,cif_files/INOH.cif,190,2.3,84
78,Tl(OH)3,TLOH,R-3c,5.02,5.02,13.02,90,90,120,285.04,7,cif_files/TLOH.cif,180,2.4,85
79,Bi(OH)3,BIOH,R-3c,5.03,5.03,13.03,90,90,120,286.04,6.3,cif_files/BIOH.cif,170,2.5,86
80,Sb(OH)3,SBOH,R-3c,5.04,5.04,13.04,90,90,120,287.04,5.8,cif_files/SBOH.cif,160,2.6,87
81,La(OH)3,LAOH,P6_3,6.33,6.33,3.72,90,90,120,129,4,cif_files/LAOH.cif,150,2.7,88
82,Ce(OH)3,CEOH,P6_3,6.34,6.34,3.73,90,90,120,129.4,4.1,cif_files/CEOH.cif,140,2.8,89
83,Pr(OH)3,PROH,P6_3,6.35,6.35,3.74,90,90,120,129.8,4.2,cif_files/PROH.cif,130,2.9,90
84,Nd(OH)3,NDOH,P6_3,6.36,6.36,3.75,90,90,120,130.2,4.3,cif_files/NDOH.cif,120,3,91
85,Sm(OH)3,SMOH,P6_3,6.37,6.37,3.76,90,90,120,130.6,4.4,cif_files/SMOH.cif,110,3.1,92
86,Eu(OH)3,EUOH,P6_3,6.38,6.38,3.77,90,90,120,131,4.5,cif_files/EUOH.cif,100,3.2,93
87,Gd(OH)3,GDOH,P6_3,6.39,6.39,3.78,90,90,120,131.4,4.6,cif_files/GDOH.cif,90,3.3,94
88,Tb(OH)3,TBOH,P6_3,6.4,6.4,3.79,90,90,120,131.8,4.7,cif_files/TBOH.cif,80,3.4,95
89,Dy(OH)3,DYOH,P6_3,6.41,6.41,3.8,90,90,120,132.2,4.8,cif_files/DYOH.cif,70,3.5,96
90,Ho(OH)3,HOH,P6_3,6.42,6.42,3.81,90,90,120,132.6,4.9,cif_files/HOH.cif,60,3.6,97
91,Er(OH)3,EROH,P6_3,6.43,6.43,3.82,90,90,120,133,5,cif_files/EROH.cif,50,3.7,98
92,Tm(OH)3,TMOH,P6_3,6.44,6.44,3.83,90,90,120,133.4,5.1,cif_files/TMOH.cif,40,3.8,99
93,Yb(OH)3,YBOH,P6_3,6.45,6.45,3.84,90,90,120,133.8,5.2,cif_files/YBOH.cif,30,3.9,99.5
94,Lu(OH)3,LUOH,P6_3,6.46,6.46,3.85,90,90,120,134.2,5.3,cif_files/LUOH.cif,20,4,99.8
95,Sc(OH)3,SCOH,P6_3,6.47,6.47,3.86,90,90,120,134.6,3.8,cif_files/SCOH.cif,10,4.1,99.9
96,Y(OH)3,YOOH,P6_3,6.48,6.48,3.87,90,90,120,135,4,cif_files/YOOH.cif,5,4.2,99.95
97,Zr(OH)4,ZROH,I4_1/amd,3.62,3.62,11.86,90,90,90,155.12,3.2,cif_files/ZROH.cif,2,4.3,99.98
98,Hf(OH)4,HFOH,I4_1/amd,3.63,3.63,11.87,90,90,90,155.52,5.5,cif_files/HFOH.cif,1,4.4,99.99
99,V(OH)3,VOH,R-3c,4.98,4.98,12.98,90,90,120,281.04,3.36,cif_files/VOH.cif,300,1.8,70
100,Nb(OH)3,NBOH,R-3c,4.99,4.99,12.99,90,90,120,282.04,4.35,cif_files/NBOH.cif,280,1.9,71
101,Ta(OH)3,TAOH,R-3c,5,5,13,90,90,120,283.04,8.2,cif_files/TAOH.cif,260,2,72
102,W(OH)6,WOH,P-1,9.2,9.2,9.2,60,60,60,658.8,4.17,cif_files/WOH.cif,240,2.1,73
103,Mo(OH)6,MOOH,P-1,9.22,9.22,9.22,60,60,60,662.4,4.7,cif_files/MOOH.cif,220,2.2,74
104,Re(OH)6,REOH,P-1,9.24,9.24,9.24,60,60,60,666,6.5,cif_files/REOH.cif,200,2.3,75
105,Mn(OH)2,MOHH,P-3m,3.16,3.16,4.63,90,90,120,39.58,3.27,cif_files/MOHH.cif,250,1.7,78
106,Fe(OH)2,IOHH,P-3m,3.2,3.2,4.7,90,90,120,41,3.4,cif_files/IOHH.cif,245,1.65,77.5
107,Co(OH)2,COHH,P-3m,3.15,3.15,4.62,90,90,120,39.4,3.6,cif_files/COHH.cif,270,1.5,76
108,Ni(OH)2,NIHH,P-3m,3.14,3.14,4.61,90,90,120,39.22,4.1,cif_files/NIHH.cif,280,1.4,75
109,Cu(OH)2,CUOH,P-1,9.12,3.2,10.74,90,107.5,90,287.42,3.37,cif_files/CUOH.cif,230,1.8,79
110,Zn(OH)2,ZNOHH,P-3m,3.17,3.17,4.64,90,90,120,39.76,3,cif_files/ZNOHH.cif,240,1.8,79
111,Cd(OH)2,CDOHH,P-3m,3.18,3.18,4.65,90,90,120,39.94,4.8,cif_files/CDOHH.cif,220,1.9,80
112,Pb(OH)2,PBOHH,P-3m,3.19,3.19,4.66,90,90,120,40.12,5.8,cif_files/PBOHH.cif,210,2,81
113,AlO(OH),AOH,C2/m,12.17,2.99,7.87,90,94.1,90,284.69,3.02,cif_files/AOHH.cif,200,2.2,82
114,GaO(OH),GAOH,C2/m,12.18,2.99,7.88,90,94.1,90,285.09,4,cif_files/GAOHH.cif,190,2.3,83
115,InO(OH),INOH,C2/m,12.19,2.99,7.89,90,94.1,90,285.49,5,cif_files/INOHH.cif,180,2.4,84
116,TlO(OH),TLOH,C2/m,12.2,2.99,7.9,90,94.1,90,285.89,7,cif_files/TLOHH.cif,170,2.5,85
117,BiO(OH),BIOH,C2/m,12.21,2.99,7.91,90,94.1,90,286.29,6.3,cif_files/BIOHH.cif,160,2.6,86
118,SbO(OH),SBOH,C2/m,12.22,2.99,7.92,90,94.1,90,286.69,5.8,cif_files/SBOHH.cif,150,2.7,87
119,LaO(OH),LAOH,P6_3,6.33,6.33,3.72,90,90,120,129,4,cif_files/LAOHH.cif,150,2.7,88
120,CeO(OH),CEOH,P6_3,6.34,6.34,3.73,90,90,120,129.4,4.1,cif_files/CEOHH.cif,140,2.8,89
121,PrO(OH),PROH,P6_3,6.35,6.35,3.74,90,90,120,129.8,4.2,cif_files/PROHH.cif,130,2.9,90
122,NdO(OH),NDOH,P6_3,6.36,6.36,3.75,90,90,120,130.2,4.3,cif_files/NDOHH.cif,120,3,91
123,SmO(OH),SMOH,P6_3,6.37,6.37,3.76,90,90,120,130.6,4.4,cif_files/SMOHH.cif,110,3.1,92
124,EuO(OH),EUOH,P6_3,6.38,6.38,3.77,90,90,120,131,4.5,cif_files/EUOHH.cif,100,3.2,93
125,GdO(OH),GDOH,P6_3,6.39,6.39,3.78,90,90,120,131.4,4.6,cif_files/GDOHH.cif,90,3.3,94
126,TbO(OH),TBOH,P6_3,6.4,6.4,3.79,90,90,120,131.8,4.7,cif_files/TBOHH.cif,80,3.4,95
127,DyO(OH),DYOH,P6_3,6.41,6.41,3.8,90,90,120,132.2,4.8,cif_files/DYOHH.cif,70,3.5,96
128,HoO(OH),HOH,P6_3,6.42,6.42,3.81,90,90,120,132.6,4.9,cif_files/HOOHH.cif,60,3.6,97
129,ErO(OH),EROH,P6_3,6.43,6.43,3.82,90,90,120,133,5,cif_files/EROHH.cif,50,3.7,98
130,TmO(OH),TMOH,P6_3,6.44,6.44,3.83,90,90,120,133.4,5.1,cif_files/TMOHH.cif,40,3.8,99
131,YbO(OH),YBOH,P6_3,6.45,6.45,3.84,90,90,120,133.8,5.2,cif_files/YBOHH.cif,30,3.9,99.5
132,LuO(OH),LUOH,P6_3,6.46,6.46,3.85,90,90,120,134.2,5.3,cif_files/LUOHH.cif,20,4,99.8
133,ScO(OH),SCOH,P6_3,6.47,6.47,3.86,90,90,120,134.6,3.8,cif_files/SCOHH.cif,10,4.1,99.9
134,YO(OH),YOOH,P6_3,6.48,6.48,3.87,90,90,120,135,4,cif_files/YOOHH.cif,5,4.2,99.95
135,ZrO(OH)2,ZROH,P4_2/nmc,3.6,3.6,9.6,90,90,90,124.42,4.1,cif_files/ZROHH.cif,2,4.3,99.98
136,HfO(OH)2,HFOH,P4_2/nmc,3.61,3.61,9.61,90,90,90,124.82,7,cif_files/HFOHH.cif,1,4.4,99.99
137,VO(OH)2,VOHH,C2/m,12,3.1,8,90,100,90,288,3.36,cif_files/VOOHH.cif,300,1.8,70
138,NbO(OH)2,NBOHH,C2/m,12.01,3.1,8.01,90,100,90,288.4,4.35,cif_files/NBOHHH.cif,280,1.9,71
139,TaO(OH)2,TAOHH,C2/m,12.02,3.1,8.02,90,100,90,288.8,8.2,cif_files/TAOHHH.cif,260,2,72
140,WO(OH)2,WOHH,C2/m,12.03,3.1,8.03,90,100,90,289.2,7.9,cif_files/WOHHH.cif,240,2.1,73
141,MoO(OH)2,MOOHH,C2/m,12.04,3.1,8.04,90,100,90,289.6,4.69,cif_files/MOOHHH.cif,220,2.2,74
142,ReO(OH)2,REOHH,C2/m,12.05,3.1,8.05,90,100,90,290,6.5,cif_files/REOHHH.cif,200,2.3,75
143,MnO(OH),MOHH,P-1,5.7,4.8,7.2,70,75,80,175,4.2,cif_files/MOOHH.cif,240,2.6,76
144,FeO(OH),IOHH,P-1,5.71,4.81,7.21,70,75,80,175.4,5.18,cif_files/IOOHH.cif,220,2.7,77
145,CoO(OH),COHH,P-1,5.72,4.82,7.22,70,75,80,175.8,6.44,cif_files/COOHH.cif,200,2.8,78
146,NiO(OH),NOHH,P-1,5.73,4.83,7.23,70,75,80,176.2,6.67,cif_files/NOOHH.cif,180,2.9,79
147,CuO(OH),CUOHH,P-1,5.74,4.84,7.24,70,75,80,176.6,6,cif_files/CUOOHH.cif,160,3,80
148,ZnO(OH),ZNOHH,P-1,5.75,4.85,7.25,70,75,80,177,5.61,cif_files/ZNOOHH.cif,150,3.1,81
149,CdO(OH),CDOHH,P-1,5.76,4.86,7.26,70,75,80,177.4,8.65,cif_files/CDOOHH.cif,140,3.2,82
150,PbO(OH),PBOHH,P-1,5.77,4.87,7.27,70,75,80,177.8,11.77,cif_files/PBOOHH.cif,130,3.3,83
151,AlPO4(AP),ALPO4,Amm2,9.78,7.98,5.04,90,90,90,393.9,2.57,cif_files/ALPO4.cif,80,2.2,89
152,GaPO4(GA),GAPO4,Amm2,9.79,7.99,5.05,90,90,90,394.3,4,cif_files/GAPO4.cif,70,2.3,90
153,InPO4(IN),INPO4,Amm2,9.8,8,5.06,90,90,90,394.7,4.28,cif_files/INPO4.cif,60,2.4,91
154,TlPO4(TL),TLPO4,Amm2,9.81,8.01,5.07,90,90,90,395.1,7,cif_files/TLPO4.cif,50,2.5,92
155,BiPO4(BI),BIPO4,Amm2,9.82,8.02,5.08,90,90,90,395.5,6.32,cif_files/BIPO4.cif,40,2.6,93
156,SbPO4(SB),SBPO4,Amm2,9.83,8.03,5.09,90,90,90,395.9,5.8,cif_files/SBPO4.cif,30,2.7,94
157,LaPO4(LA),LAPO4,P2_1/n,6.99,7,6.4,90,103,90,306.9,4.3,cif_files/LAPO4.cif,20,2.8,95
158,CePO4(CE),CEPO4,P2_1/n,7,7.01,6.41,90,103,90,307.3,5,cif_files/CEPO4.cif,10,2.9,96
159,PrPO4(PR),PRPO4,P2_1/n,7.01,7.02,6.42,90,103,90,307.7,5.1,cif_files/PRPO4.cif,5,3,97
160,NdPO4(ND),NDPO4,P2_1/n,7.02,7.03,6.43,90,103,90,308.1,5.2,cif_files/NDPO4.cif,2,3.1,98
161,SmPO4(SM),SMPO4,P2_1/n,7.03,7.04,6.44,90,103,90,308.5,5.3,cif_files/SMPO4.cif,1,3.2,99
162,EuPO4(EU),EUPO4,P2_1/n,7.04,7.05,6.45,90,103,90,308.9,5.4,cif_files/EUPO4.cif,0.5,3.3,99.5
163,GdPO4(GD),GDPO4,P2_1/n,7.05,7.06,6.46,90,103,90,309.3,5.5,cif_files/GDPO4.cif,0.2,3.4,99.8
164,TbPO4(TB),TBPO4,P2_1/n,7.06,7.07,6.47,90,103,90,309.7,5.6,cif_files/TBPO4.cif,0.1,3.5,99.9
165,DyPO4(DY),DYPO4,P2_1/n,7.07,7.08,6.48,90,103,90,310.1,5.7,cif_files/DYPO4.cif,0.05,3.6,99.95
166,HoPO4(HO),HOPO4,P2_1/n,7.08,7.09,6.49,90,103,90,310.5,5.8,cif_files/HOPO4.cif,0.02,3.7,99.98
167,ErPO4(ER),ERPO4,P2_1/n,7.09,7.1,6.5,90,103,90,310.9,5.9,cif_files/ERPO4.cif,0.01,3.8,99.99
168,TmPO4(TM),TMPO4,P2_1/n,7.1,7.11,6.51,90,103,90,311.3,6,cif_files/TMPO4.cif,0.005,3.9,99.995
169,YbPO4(YB),YBPO4,P2_1/n,7.11,7.12,6.52,90,103,90,311.7,6.1,cif_files/YBPO4.cif,0.002,4,99.998
170,LuPO4(LU),LUPO4,P2_1/n,7.12,7.13,6.53,90,103,90,312.1,6.2,cif_files/LUPO4.cif,0.001,4.1,99.999
171,ScPO4(SC),SCPO4,P2_1/n,7.13,7.14,6.54,90,103,90,312.5,3.8,cif_files/SCPO4.cif,0.0005,4.2,99.9995
172,YP04(Y),YPO4,P2_1/n,7.14,7.15,6.55,90,103,90,312.9,4,cif_files/YPO4.cif,0.0002,4.3,99.9998
173,ZrSiO4(ZS),ZRSIO4,I4_1/amd,6.63,6.63,5.99,90,90,90,262.8,4.7,cif_files/ZRSIO4.cif,0.0001,4.4,100
174,HfSiO4(HS),HFSIO4,I4_1/amd,6.64,6.64,6,90,90,90,263.2,9.68,cif_files/HFSIO4.cif,0.00005,4.5,100
175,TiSiO4(TS),TSIO4,I4_1/amd,6.65,6.65,6.01,90,90,90,263.6,3.95,cif_files/TSIO4.cif,0.00002,4.6,100
176,GeO2(GO),GEO2,P3_221,4.99,4.99,5.65,90,90,120,120.1,5.32,cif_files/GEO2.cif,0.00001,4.7,100
177,SnO2(SO),SOO2,P4_2/mnm,4.74,4.74,3.19,90,90,90,71.97,6.95,cif_files/SOO2.cif,50,2.5,95
178,PbO2(PO),POO2,P4_2/mnm,4.95,4.95,3.39,90,90,90,83.2,9.38,cif_files/POO2.cif,40,2.6,97
179,TeO2(TO),TOO2,P4_12_12,4.81,4.81,5.59,90,90,90,129.6,6,cif_files/TOO2.cif,30,2.7,98
180,SeO2(SE),SEO2,P2_1/c,11.8,4.68,5.58,90,105.5,90,296.8,3.95,cif_files/SEO2.cif,20,2.8,99
181,SO3(SO),SOO3,P6_3/mmc,5.44,5.44,6.89,90,90,120,182.6,1.92,cif_files/SOO3.cif,10,2.9,99.5
182,MoO3(MO),MOO3,Pbnm,3.95,13.64,3.65,90,103.7,90,194.21,4.69,cif_files/MOO3.cif,280,2.4,74
183,WO3(WO),WOO3,Pbnm,7.3,7.54,7.69,90,90,90,422.88,7.9,cif_files/WOO3.cif,300,2.3,73
184,V2O5(VO),VOO5,Pmmn,11.5,3.56,4.37,90,90,90,177.8,3.36,cif_files/VOO5.cif,400,2,70
185,Nb2O5(NO),NOO5,Pbcm,6.24,11.62,3.91,90,90,90,283.54,4.47,cif_files/NOO5.cif,350,2.1,71
186,Ta2O5(TA),TAO5,Pbcm,6.26,11.66,3.92,90,90,90,285.01,8.18,cif_files/TAO5.cif,320,2.2,72
187,Fe2O3(IO),IOO3,R-3c,5.04,5.04,13.72,90,90,120,289.13,5.28,cif_files/IOO3.cif,1000,1.2,70
188,Al2O3(AO),AOO3,R-3c,4.76,4.76,12.99,90,90,120,255.04,3.97,cif_files/AOO3.cif,0,0,100
189,Cr2O3(CO),COO3,R-3c,4.96,4.96,13.6,90,90,120,283.04,5.22,cif_files/COO3.cif,200,2,82
190,Mn2O3(MO),MOO3,Ia-3,9.45,9.45,9.45,90,90,90,843.74,4.82,cif_files/MOO3.cif,240,2.6,76
191,Co3O4(CO),COO4,Fd-3m,8.08,8.08,8.08,90,90,90,527.05,6.11,cif_files/COO4.cif,900,1.5,72
192,NiO(NO),NOO,Fm-3m,4.18,4.18,4.18,90,90,90,73.03,6.67,cif_files/NOO.cif,200,2.1,86
193,CuO(CO),CUO,C2/c,4.68,3.42,5.13,90,99.5,90,81.48,6.31,cif_files/CUO.cif,600,1.3,78
194,ZnO(ZO),ZNO,Fm-3m,4.58,4.58,4.58,90,90,90,95.83,5.61,cif_files/ZNO.cif,150,1.9,90
195,CdO(CO),CDO,Fm-3m,4.69,4.69,4.69,90,90,90,102.5,8.15,cif_files/CDO.cif,140,2,91
196,PbO(PO),PDO,Fm-3m,5.93,5.93,5.93,90,90,90,208.04,9.53,cif_files/PDO.cif,130,2.1,92
197,SnO(SO),SNO,Fm-3m,4.7,4.7,4.7,90,90,90,103.82,6.48,cif_files/SNO.cif,120,2.2,93
198,GeO(GO),GEO,Fm-3m,4.35,4.35,4.35,90,90,90,81.94,5.58,cif_files/GEO.cif,110,2.3,94
199,SiO(SO),SIO,Fm-3m,4,4,4,90,90,90,64,4.7,cif_files/SIO.cif,100,2.4,95
200,CO2(CO),COO,Fm-3m,5.6,5.6,5.6,90,90,90,175.62,1.56,cif_files/COO.cif,90,2.5,96
201,SiC(SC),SIC,F-43m,4.36,4.36,4.36,90,90,90,82.29,3.21,cif_files/SIC.cif,80,2.6,97
202,AlN(AN),ALN,P6_3mc,3.11,3.11,4.98,90,90,120,44.57,3.26,cif_files/ALN.cif,70,2.7,98
203,GaN(GN),GAN,P6_3mc,3.19,3.19,5.18,90,90,120,46.16,6.15,cif_files/GAN.cif,60,2.8,99
204,InN(IN),INN,P6_3mc,3.54,3.54,5.69,90,90,120,61.98,6.81,cif_files/INN.cif,50,2.9,99.5
205,BN(BN),BNN,P6_3mc,2.5,2.5,6.7,90,90,120,35.6,2.25,cif_files/BNN.cif,40,3,99.8
206,MoS2(MS),MOS2,P6_3/mmc,3.16,3.16,12.3,90,90,120,105.5,4.8,cif_files/MOS2.cif,350,2,60
207,WS2(WS),WOS2,P6_3/mmc,3.15,3.15,12.3,90,90,120,104.8,19.25,cif_files/WOS2.cif,330,2.1,61
208,MoSe2(MSE),MOSE2,P6_3/mmc,3.29,3.29,13.1,90,90,120,123,5,cif_files/MOSE2.cif,320,1.9,62
209,WSe2(WSE),WOSE2,P6_3/mmc,3.28,3.28,13.1,90,90,120,122,9.32,cif_files/WOSE2.cif,300,2,63
210,MoTe2(MTE),MOTE2,P6_3/mmc,3.53,3.53,14,90,90,120,150,6.3,cif_files/MOTE2.cif,280,1.8,64
211,WTe2(WTE),WOTE2,P-1,3.47,3.47,14.2,90,90,120,147,9.85,cif_files/WOTE2.cif,260,1.9,65
212,FeS2(FS),FES2,Pa-3,5.42,5.42,5.42,90,90,90,159.02,5.01,cif_files/FES2.cif,240,1.7,66
213,NiS2(NS),NIS2,Pa-3,5.4,5.4,5.4,90,90,90,157.46,6.72,cif_files/NIS2.cif,220,1.8,67
214,CoS2(CS),COS2,Pa-3,5.38,5.38,5.38,90,90,90,155.92,4.89,cif_files/COS2.cif,200,1.9,68
215,CuS(CUS),CUS,P-62m,3.79,3.79,5,90,90,120,62.8,4.76,cif_files/CUS.cif,180,1.6,69
216,ZnS(ZS),ZNS,F-43m,5.42,5.42,5.42,90,90,90,159.02,4.09,cif_files/ZNS.cif,160,1.7,70
217,CdS(CDS),CDS,P6_3mc,4.14,4.14,6.7,90,90,120,103,4.82,cif_files/CDS.cif,140,1.8,71
218,HgS(HGS),HGS,R-3m,4.16,4.16,9.58,90,90,120,152,8.1,cif_files/HGS.cif,120,1.9,72
219,PbS(PBS),PBS,Fm-3m,5.93,5.93,5.93,90,90,90,208.04,7.6,cif_files/PBS.cif,100,2,73
220,Ag2S(AGS),AGS,Fm-3m,6.22,6.22,6.22,90,90,90,240.61,7.32,cif_files/AGS.cif,80,2.1,74
221,Au2S(AUS),AUS,Fm-3m,6.4,6.4,6.4,90,90,90,262.14,8.2,cif_files/AUS.cif,60,2.2,75
222,PtS(PTS),PTS,P-62m,3.36,3.36,5.7,90,90,120,56.5,9.8,cif_files/PTS.cif,40,2.3,76
223,PdS(PDS),PDS,P-62m,3.38,3.38,5.75,90,90,120,57.2,6.9,cif_files/PDS.cif,20,2.4,77
224,RhS(RHS),RHS,P-62m,3.39,3.39,5.8,90,90,120,57.9,8,cif_files/RHS.cif,10,2.5,78
225,IrS(IRS),IRS,P-62m,3.4,3.4,5.85,90,90,120,58.6,10,cif_files/IRS.cif,5,2.6,79
226,OsS(OSS),OSS,P-62m,3.41,3.41,5.9,90,90,120,59.3,11,cif_files/OSS.cif,2,2.7,80
227,RuS(RUS),RUS,P-62m,3.42,3.42,5.95,90,90,120,60,10,cif_files/RUS.cif,1,2.8,81
228,FeSe(FSE),FESE,Pnma,6,3.3,4.3,90,90,90,85,5.68,cif_files/FESE.cif,200,1.5,82
229,NiSe(NSE),NISE,P6_3/mmc,3.77,3.77,5.3,90,90,120,65,8.9,cif_files/NISE.cif,180,1.6,83
230,CoSe(CSE),COSE,P6_3/mmc,3.78,3.78,5.25,90,90,120,64,9.16,cif_files/COSE.cif,160,1.7,84
231,CuSe(CUSE),CUSE,P-62m,3.8,3.8,5.1,90,90,120,63,5.8,cif_files/CUSE.cif,140,1.4,85
232,ZnSe(ZNSE),ZNSE,F-43m,5.67,5.67,5.67,90,90,90,182,5.27,cif_files/ZNSE.cif,120,1.5,86
233,CdSe(CDSE),CDSE,P6_3mc,4.3,4.3,7,90,90,120,113,5.81,cif_files/CDSE.cif,100,1.6,87
234,HgSe(HGSE),HGSE,F-43m,6.08,6.08,6.08,90,90,90,224,8.09,cif_files/HGSE.cif,80,1.7,88
235,PbSe(PBSE),PBSE,Fm-3m,6.12,6.12,6.12,90,90,90,229,8.1,cif_files/PBSE.cif,60,1.8,89
236,Ag2Se(AGSE),AGSE,Fm-3m,6.5,6.5,6.5,90,90,90,274.63,8.06,cif_files/AGSE.cif,40,1.9,90
237,Au2Se(AUSE),AUSE,Fm-3m,6.6,6.6,6.6,90,90,90,287.49,9,cif_files/AUSE.cif,20,2,91
238,PtSe(PTSE),PTSE,P-62m,3.7,3.7,6.2,90,90,120,73,10,cif_files/PTSE.cif,10,2.1,92
239,PdSe(PDSE),PDSE,P-62m,3.72,3.72,6.25,90,90,120,74,8.5,cif_files/PDSE.cif,5,2.2,93
240,RhSe(RHSE),RHSE,P-62m,3.73,3.73,6.3,90,90,120,75,9.5,cif_files/RHSE.cif,2,2.3,94
241,IrSe(IRSE),IRSE,P-62m,3.74,3.74,6.35,90,90,120,76,11,cif_files/IRSE.cif,1,2.4,95
242,OsSe(OSSE),OSSE,P-62m,3.75,3.75,6.4,90,90,120,77,12,cif_files/OSSE.cif,0.5,2.5,96
243,RuSe(RUSE),RUSE,P-62m,3.76,3.76,6.45,90,90,120,78,11,cif_files/RUSE.cif,0.2,2.6,97
244,FeTe(FTE),FETE,Pnma,6.2,3.5,4.5,90,90,90,97,7,cif_files/FETE.cif,180,1.3,98
245,NiTe(NTE),NITE,P-62m,3.85,3.85,6.4,90,90,120,82,9.2,cif_files/NITE.cif,160,1.4,99
246,CoTe(CTE),COTE,P-62m,3.86,3.86,6.35,90,90,120,81,9.5,cif_files/COTE.cif,140,1.5,99.5
247,CuTe(CUTE),CUTE,P-62m,3.87,3.87,6.3,90,90,120,80,6.8,cif_files/CUTE.cif,120,1.2,99.8
248,ZnTe(ZNTE),ZNTE,F-43m,6.1,6.1,6.1,90,90,90,226.98,5.75,cif_files/ZNTE.cif,100,1.3,99.9
249,CdTe(CDTE),CDTE,F-43m,6.48,6.48,6.48,90,90,90,270.54,5.84,cif_files/CDTE.cif,80,1.4,99.95
250,HgTe(HGTE),HGTE,F-43m,6.46,6.46,6.46,90,90,90,268.08,8.95,cif_files/HGTE.cif,60,1.5,99.98
251,PbTe(PBTE),PBTE,Fm-3m,6.46,6.46,6.46,90,90,90,268.08,8.16,cif_files/PBTE.cif,40,1.6,99.99
252,Ag2Te(AGTE),AGTE,Fm-3m,6.7,6.7,6.7,90,90,90,300.76,8.3,cif_files/AGTE.cif,20,1.7,99.995
253,Au2Te(AUTE),AUTE,Fm-3m,6.8,6.8,6.8,90,90,90,314.43,10,cif_files/AUTE.cif,10,1.8,99.998
254,PtTe(PTTE),PTTE,P-62m,4.1,4.1,6.7,90,90,120,96,11,cif_files/PTTE.cif,5,1.9,99.999
255,PdTe(PDTE),PDTE,P-62m,4.12,4.12,6.75,90,90,120,97,9.5,cif_files/PDTE.cif,2,2,99.9995
256,RhTe(RHTE),RHTE,P-62m,4.13,4.13,6.8,90,90,120,98,10.5,cif_files/RHTE.cif,1,2.1,99.9998
257,IrTe(IRTE),IRTE,P-62m,4.14,4.14,6.85,90,90,120,99,12,cif_files/IRTE.cif,0.5,2.2,99.9999
258,OsTe(OSTE),OSTE,P-62m,4.15,4.15,6.9,90,90,120,100,13,cif_files/OSTE.cif,0.2,2.3,99.99995
259,RuTe(RUTE),RUTE,P-62m,4.16,4.16,6.95,90,90,120,101,12,cif_files/RUTE.cif,0.1,2.4,99.99998
260,FeAs(FAS),FEAS,Pnma,6.3,3.6,4.6,90,90,90,104,7.2,cif_files/FEAS.cif,160,1.2,99.99999
261,NiAs(NAS),NIAS,P6_3/mmc,3.6,3.6,5,90,90,120,58,9.4,cif_files/NIAS.cif,140,1.3,99.999995
262,CoAs(CAS),COAS,P6_3/mmc,3.58,3.58,4.98,90,90,120,56,9.7,cif_files/COAS.cif,120,1.4,99.999998
263,CuAs(CUAS),CUAS,P-62m,3.62,3.62,5.05,90,90,120,59,7,cif_files/CUAS.cif,100,1.1,99.999999
264,ZnAs(ZNAS),ZNAS,P6_3/mmc,3.95,3.95,5.2,90,90,120,70,6,cif_files/ZNAS.cif,80,1.2,100
265,CdAs(CDAS),CDAS,P6_3/mmc,4,4,5.25,90,90,120,72,6.2,cif_files/CDAS.cif,60,1.3,100
266,HgAs(HGAS),HGAS,P6_3/mmc,4.05,4.05,5.3,90,90,120,74,9.2,cif_files/HGAS.cif,40,1.4,100
267,PbAs(PBAS),PBAS,Pnma,6.35,3.65,4.65,90,90,90,106,8.2,cif_files/PBAS.cif,20,1.5,100
268,Ag2As(AGAS),AGAS,Fm-3m,6.8,6.8,6.8,90,90,90,314.43,8.5,cif_files/AGAS.cif,10,1.6,100
269,Au2As(AUAS),AUAS,Fm-3m,6.9,6.9,6.9,90,90,90,328.51,10.2,cif_files/AUAS.cif,5,1.7,100
270,PtAs(PTAS),PTAS,P-62m,3.9,3.9,6,90,90,120,78,11.2,cif_files/PTAS.cif,2,1.8,100
271,PdAs(PDAS),PDAS,P-62m,3.92,3.92,6.05,90,90,120,79,9.7,cif_files/PDAS.cif,1,1.9,100
272,RhAs(RHAS),RHAS,P-62m,3.93,3.93,6.1,90,90,120,80,10.7,cif_files/RHAS.cif,0.5,2,100
273,IrAs(IRAS),IRAS,P-62m,3.94,3.94,6.15,90,90,120,81,12.2,cif_files/IRAS.cif,0.2,2.1,100
274,OsAs(OSAS),OSAS,P-62m,3.95,3.95,6.2,90,90,120,82,13.2,cif_files/OSAS.cif,0.1,2.2,100
275,RuAs(RUAS),RUAS,P-62m,3.96,3.96,6.25,90,90,120,83,12.2,cif_files/RUAS.cif,0.05,2.3,100
276,FeSb(FSb),FESB,Pnma,6.4,3.7,4.7,90,90,90,111,7.4,cif_files/FESB.cif,140,1.1,100
277,NiSb(NISb),NISB,P6_3/mmc,4.05,4.05,5.1,90,90,120,76,9.6,cif_files/NISB.cif,120,1.2,100
278,CoSb(CoSb),COSB,P6_3/mmc,4.03,4.03,5.08,90,90,120,74,9.9,cif_files/COSB.cif,100,1.3,100
279,CuSb(CUSb),CUSB,P-62m,4.07,4.07,5.15,90,90,120,77,7.2,cif_files/CUSB.cif,80,1,100
280,ZnSb(ZnSb),ZNSB,P6_3/mmc,4.25,4.25,5.4,90,90,120,86,6.2,cif_files/ZNSB.cif,60,1.1,100
281,CdSb(CdSb),CDSB,P6_3/mmc,4.3,4.3,5.45,90,90,120,88,6.4,cif_files/CDSB.cif,40,1.2,100
282,HgSb(HgSb),HGSB,P6_3/mmc,4.35,4.35,5.5,90,90,120,90,9.4,cif_files/HGSB.cif,20,1.3,100
283,PbSb(PbSb),PBSB,Pnma,6.45,3.75,4.75,90,90,90,113,8.4,cif_files/PBSB.cif,10,1.4,100
284,Ag2Sb(AGSB),AGSB,Fm-3m,6.9,6.9,6.9,90,90,90,328.51,8.7,cif_files/AGSB.cif,5,1.5,100
285,Au2Sb(AUSB),AUSB,Fm-3m,7,7,7,90,90,90,343,10.4,cif_files/AUSB.cif,2,1.6,100
286,PtSb(PTSB),PTSB,P-62m,4.1,4.1,6.1,90,90,120,92,11.4,cif_files/PTSB.cif,1,1.7,100
287,PdSb(PDSB),PDSB,P-62m,4.12,4.12,6.15,90,90,120,93,9.9,cif_files/PDSB.cif,0.5,1.8,100
288,RhSb(RHSB),RHSB,P-62m,4.13,4.13,6.2,90,90,120,94,10.9,cif_files/RHSB.cif,0.2,1.9,100
289,IrSb(IRSB),IRSB,P-62m,4.14,4.14,6.25,90,90,120,95,12.4,cif_files/IRSB.cif,0.1,2,100
290,OsSb(OSSB),OSSB,P-62m,4.15,4.15,6.3,90,90,120,96,13.4,cif_files/OSSB.cif,0.05,2.1,100
291,RuSb(RUSB),RUSB,P-62m,4.16,4.16,6.35,90,90,120,97,12.4,cif_files/RUSB.cif,0.02,2.2,100
292,FeBi(FBI),FEBI,Pnma,6.5,3.8,4.8,90,90,90,118,7.6,cif_files/FEBI.cif,120,1,100
293,NiBi(NBI),NIBI,P6_3/mmc,4.1,4.1,5.2,90,90,120,80,9.8,cif_files/NIBI.cif,100,1.1,100
294,CoBi(CBI),COBI,P6_3/mmc,4.08,4.08,5.18,90,90,120,78,10.1,cif_files/COBI.cif,80,1.2,100
295,CuBi(CUBI),CUBI,P-62m,4.12,4.12,5.25,90,90,120,81,7.4,cif_files/CUBI.cif,60,0.9,100
296,ZnBi(ZNBI),ZNBI,P6_3/mmc,4.3,4.3,5.5,90,90,120,90,6.4,cif_files/ZNBI.cif,40,1,100
297,CdB(CDBI),CDBI,P6_3/mmc,4.35,4.35,5.55,90,90,120,92,6.6,cif_files/CDBI.cif,20,1.1,100
298,HgBi(HGBI),HGBI,P6_3/mmc,4.4,4.4,5.6,90,90,120,94,9.6,cif_files/HGBI.cif,10,1.2,100
299,PbBi(PBBI),PBBI,Pnma,6.55,3.85,4.85,90,90,90,120,8.6,cif_files/PBBI.cif,5,1.3,100
300,Ag2Bi(AGBI),AGBI,Fm-3m,7,7,7,90,90,90,343,8.9,cif_files/AGBI.cif,2,1.4,100
301,Au2Bi(AUBI),AUBI,Fm-3m,7.1,7.1,7.1,90,90,90,357.91,10.6,cif_files/AUBI.cif,1,1.5,100
302,PtBi(PTBI),PTBI,P-62m,4.3,4.3,6.2,90,90,120,106,11.6,cif_files/PTBI.cif,0.5,1.6,100
303,PdB(PDBI),PDBI,P-62m,4.32,4.32,6.25,90,90,120,107,10.1,cif_files/PDBI.cif,0.2,1.7,100
304,RhBi(RHBI),RHBI,P-62m,4.33,4.33,6.3,90,90,120,108,11.1,cif_files/RHBI.cif,0.1,1.8,100
305,IrBi(IRBI),IRBI,P-62m,4.34,4.34,6.35,90,90,120,109,12.6,cif_files/IRBI.cif,0.05,1.9,100
306,OsBi(OSBI),OSBI,P-62m,4.35,4.35,6.4,90,90,120,110,13.6,cif_files/OSBI.cif,0.02,2,100
307,RuBi(RUBI),RUBI,P-62m,4.36,4.36,6.45,90,90,120,111,12.6,cif_files/RUBI.cif,0.01,2.1,100
308,FeCl2(FCL),FECL2,P6_3/mmc,3.8,3.8,5.7,90,90,120,70,3,cif_files/FECL2.cif,100,1,100
309,NiCl2(NCL),NICL2,P6_3/mmc,3.52,3.52,5.6,90,90,120,60,3.3,cif_files/NICL2.cif,90,1.1,100
310,CoCl2(CCL),COCL2,P6_3/mmc,3.5,3.5,5.58,90,90,120,58,3.4,cif_files/COCL2.cif,80,1.2,100
311,CuCl2(CUCL),CUCL2,Pnma,7,3.6,3.4,90,90,90,85,4.1,cif_files/CUCL2.cif,70,0.9,100
312,ZnCl2(ZNCL),ZNCL2,P6_3/mmc,4,4,5.9,90,90,120,78,2.9,cif_files/ZNCL2.cif,60,1,100
313,CdCl2(CDCL),CDCL2,P6_3/mmc,4.05,4.05,5.95,90,90,120,80,4,cif_files/CDCL2.cif,50,1.1,100
314,HgCl2(HGCL),HGCL2,Pnma,4.09,9.8,3.99,90,102,90,158,5.6,cif_files/HGCL2.cif,40,1.2,100
315,PbCl2(PBCL),PBCL2,Pnma,7.4,4,8.8,90,90,90,260,5.3,cif_files/PBCL2.cif,30,1.3,100
316,AgCl(AGCL),AGCL,Fm-3m,5.55,5.55,5.55,90,90,90,171.03,5.56,cif_files/AGCL.cif,20,1.4,100
317,AuCl(AUCL),AUCL,Fm-3m,5.65,5.65,5.65,90,90,90,180.3,7.6,cif_files/AUCL.cif,10,1.5,100
318,PtCl(PTCL),PTCL,Fm-3m,5.75,5.75,5.75,90,90,90,190.1,8.6,cif_files/PTCL.cif,5,1.6,100
319,PdCl(PDCL),PDCL,Fm-3m,5.85,5.85,5.85,90,90,90,200.44,7.1,cif_files/PDCL.cif,2,1.7,100
320,RhCl(RHCL),RHCL,Fm-3m,5.95,5.95,5.95,90,90,90,211.31,8.1,cif_files/RHCL.cif,1,1.8,100
321,IrCl(IRCL),IRCL,Fm-3m,6.05,6.05,6.05,90,90,90,222.72,10.6,cif_files/IRCL.cif,0.5,1.9,100
322,OsCl(OSCL),OSCL,Fm-3m,6.15,6.15,6.15,90,90,90,234.67,11.6,cif_files/OSCL.cif,0.2,2,100
323,RuCl(RUCL),RUCL,Fm-3m,6.25,6.25,6.25,90,90,90,247.16,10.6,cif_files/RUCL.cif,0.1,2.1,100
324,FeBr2(FBR),FEBR2,P6_3/mmc,3.85,3.85,5.75,90,90,120,72,4.2,cif_files/FEBR2.cif,80,0.9,100
325,NiBr2(NBR),NIBR2,P6_3/mmc,3.57,3.57,5.65,90,90,120,62,4.5,cif_files/NIBR2.cif,70,1,100
326,CoBr2(CBR),COBR2,P6_3/mmc,3.55,3.55,5.63,90,90,120,60,4.6,cif_files/COBR2.cif,60,1.1,100
327,CuBr2(CUBR),CUBR2,Pnma,7.2,3.7,3.5,90,90,90,92,5.3,cif_files/CUBR2.cif,50,0.8,100
328,ZnBr2(ZNBR),ZNBR2,P6_3/mmc,4.05,4.05,5.95,90,90,120,80,4.1,cif_files/ZNBR2.cif,40,0.9,100
329,CdBr2(CDBR),CDBR2,P6_3/mmc,4.1,4.1,6,90,90,120,82,5.2,cif_files/CDBR2.cif,30,1,100
330,HgBr2(HGBR),HGBR2,Pnma,4.14,9.9,4.04,90,102,90,162,6.8,cif_files/HGBR2.cif,20,1.1,100
331,PbBr2(PBBR),PBBR2,Pnma,7.5,4.1,8.9,90,90,90,266,6.5,cif_files/PBBR2.cif,10,1.2,100
332,AgBr(AGBR),AGBR,Fm-3m,5.77,5.77,5.77,90,90,90,192.03,6.47,cif_files/AGBR.cif,5,1.3,100
333,AuBr(AUBR),AUBR,Fm-3m,5.87,5.87,5.87,90,90,90,202.27,8.8,cif_files/AUBR.cif,2,1.4,100
334,PtBr(PTBR),PTBR,Fm-3m,5.97,5.97,5.97,90,90,90,213.11,9.8,cif_files/PTBR.cif,1,1.5,100
335,PdBr(PDBR),PDBR,Fm-3m,6.07,6.07,6.07,90,90,90,224.49,8.3,cif_files/PDBR.cif,0.5,1.6,100
336,RhBr(RHBR),RHBR,Fm-3m,6.17,6.17,6.17,90,90,90,236.41,9.3,cif_files/RHBR.cif,0.2,1.7,100
337,IrBr(IRBR),IRBR,Fm-3m,6.27,6.27,6.27,90,90,90,248.87,11.8,cif_files/IRBR.cif,0.1,1.8,100
338,OsBr(OSBR),OSBR,Fm-3m,6.37,6.37,6.37,90,90,90,261.87,12.8,cif_files/OSBR.cif,0.05,1.9,100
339,RuBr(RUBR),RUBR,Fm-3m,6.47,6.47,6.47,90,90,90,275.41,11.8,cif_files/RUBR.cif,0.02,2,100
340,FeI2(FI),FEI2,P6_3/mmc,4,4,6.2,90,90,120,86,4.4,cif_files/FEI2.cif,60,0.8,100
341,NiI2(NI),NII2,P6_3/mmc,3.7,3.7,6.1,90,90,120,74,4.7,cif_files/NII2.cif,50,0.9,100
342,CoI2(CI),COI2,P6_3/mmc,3.68,3.68,6.08,90,90,120,72,4.8,cif_files/COI2.cif,40,1,100
343,CuI2(CUI),CUI2,Pnma,7.4,3.8,3.6,90,90,90,99,5.5,cif_files/CUI2.cif,30,0.7,100
344,ZnI2(ZNI),ZNI2,P6_3/mmc,4.2,4.2,6.1,90,90,120,96,4.3,cif_files/ZNI2.cif,20,0.8,100
345,CdI2(CDI),CDI2,P6_3/mmc,4.25,4.25,6.15,90,90,120,98,5.4,cif_files/CDI2.cif,10,0.9,100
346,HgI2(HGI),HGI2,P3_121,4.58,4.58,9.5,90,90,120,171,6.4,cif_files/HGI2.cif,5,1,100
347,PbI2(PBI),PBI2,P6_3/mmc,4.55,4.55,6.99,90,90,120,122,6.1,cif_files/PBI2.cif,2,1.1,100
348,AgI(AGI),AGI,Fm-3m,6.48,6.48,6.48,90,90,90,270.54,5.69,cif_files/AGI.cif,1,1.2,100
349,AuI(AUI),AUI,Fm-3m,6.58,6.58,6.58,90,90,90,286.33,9,cif_files/AUI.cif,0.5,1.3,100
350,PtI(PTI),PTI,Fm-3m,6.68,6.68,6.68,90,90,90,302.66,10,cif_files/PTI.cif,0.2,1.4,100
351,PdI(PDI),PDI,Fm-3m,6.78,6.78,6.78,90,90,90,319.53,8.5,cif_files/PDI.cif,0.1,1.5,100
352,RhI(RHI),RHI,Fm-3m,6.88,6.88,6.88,90,90,90,336.95,9.5,cif_files/RHI.cif,0.05,1.6,100
353,IrI(IRI),IRI,Fm-3m,6.98,6.98,6.98,90,90,90,354.91,12,cif_files/IRI.cif,0.02,1.7,100
354,OsI(OSI),OSI,Fm-3m,7.08,7.08,7.08,90,90,90,373.42,13,cif_files/OSI.cif,0.01,1.8,100
355,RuI(RUI),RUI,Fm-3m,7.18,7.18,7.18,90,90,90,392.48,12,cif_files/RUI.cif,0.005,1.9,100
356,FeO(FO),FEO,Fm-3m,4.3,4.3,4.3,90,90,90,79.51,6,cif_files/FEO.cif,200,2.7,77
357,NiO(NIO),NIO,Fm-3m,4.18,4.18,4.18,90,90,90,73.03,6.67,cif_files/NIO.cif,180,2.9,79
358,CoO(COO),COO,Fm-3m,4.26,4.26,4.26,90,90,90,77.27,6.44,cif_files/COO.cif,200,2.8,78
359,CuO(CUO),CUO,Fm-3m,4.27,4.27,4.27,90,90,90,77.79,6,cif_files/CUO.cif,160,3,80
360,ZnO(ZNO),ZNO,Fm-3m,4.58,4.58,4.58,90,90,90,95.83,5.61,cif_files/ZNO.cif,150,1.9,90
361,CdO(CDO),CDO,Fm-3m,4.69,4.69,4.69,90,90,90,102.5,8.15,cif_files/CDO.cif,140,2,91
362,PbO(PBO),PBO,Fm-3m,5.93,5.93,5.93,90,90,90,208.04,9.53,cif_files/PBO.cif,130,2.1,92
363,SnO(SNO),SNO,Fm-3m,4.7,4.7,4.7,90,90,90,103.82,6.48,cif_files/SNO.cif,120,2.2,93
364,GeO(GEO),GEO,Fm-3m,4.35,4.35,4.35,90,90,90,81.94,5.58,cif_files/GEO.cif,110,2.3,94
365,SiO(SIO),SIO,Fm-3m,4,4,4,90,90,90,64,4.7,cif_files/SIO.cif,100,2.4,95
366,CO(CO),COO,Fm-3m,4.07,4.07,4.07,90,90,90,67.42,1.5,cif_files/COO.cif,90,2.5,96
367,SiC(SIC),SIC,F-43m,4.36,4.36,4.36,90,90,90,82.29,3.21,cif_files/SIC.cif,80,2.6,97
368,AlN(ALN),ALN,P6_3mc,3.11,3.11,4.98,90,90,120,44.57,3.26,cif_files/ALN.cif,70,2.7,98
369,GaN(GAN),GAN,P6_3mc,3.19,3.19,5.18,90,90,120,46.16,6.15,cif_files/GAN.cif,60,2.8,99
370,InN(INN),INN,P6_3mc,3.54,3.54,5.69,90,90,120,61.98,6.81,cif_files/INN.cif,50,2.9,99.5
371,BN(BNN),BNN,P6_3mc,2.5,2.5,6.7,90,90,120,35.6,2.25,cif_files/BNN.cif,40,3,99.8
372,MoS(MOS),MOS,P6_3/mmc,3.16,3.16,12.3,90,90,120,105.5,4.8,cif_files/MOS.cif,350,2,60
373,WS(WOS),WOS,P6_3/mmc,3.15,3.15,12.3,90,90,120,104.8,19.25,cif_files/WOS.cif,330,2.1,61
374,MoSe(MOSE),MOSE,P6_3/mmc,3.29,3.29,13.1,90,90,120,123,5,cif_files/MOSE.cif,320,1.9,62
375,WSe(WOSE),WOSE,P6_3/mmc,3.28,3.28,13.1,90,90,120,122,9.32,cif_files/WOSE.cif,300,2,63
376,MoTe(MOTE),MOTE,P6_3/mmc,3.53,3.53,14,90,90,120,150,6.3,cif_files/MOTE.cif,280,1.8,64
377,WTe(WOTE),WOTE,P-1,3.47,3.47,14.2,90,90,120,147,9.85,cif_files/WOTE.cif,260,1.9,65
378,FeS(FES),FES,Pa-3,5.42,5.42,5.42,90,90,90,159.02,5.01,cif_files/FES.cif,240,1.7,66
379,NiS(NIS),NIS,Pa-3,5.4,5.4,5.4,90,90,90,157.46,6.72,cif_files/NIS.cif,220,1.8,67
380,CoS(COS),COS,Pa-3,5.38,5.38,5.38,90,90,90,155.92,4.89,cif_files/COS.cif,200,1.9,68
381,CuS(CUS),CUS,P-62m,3.79,3.79,5,90,90,120,62.8,4.76,cif_files/CUS.cif,180,1.6,69
382,ZnS(ZNS),ZNS,F-43m,5.42,5.42,5.42,90,90,90,159.02,4.09,cif_files/ZNS.cif,160,1.7,70
383,CdS(CDS),CDS,P6_3mc,4.14,4.14,6.7,90,90,120,103,4.82,cif_files/CDS.cif,140,1.8,71
384,HgS(HGS),HGS,R-3m,4.16,4.16,9.58,90,90,120,152,8.1,cif_files/HGS.cif,120,1.9,72
385,PbS(PBS),PBS,Fm-3m,5.93,5.93,5.93,90,90,90,208.04,7.6,cif_files/PBS.cif,100,2,73
386,Ag2S(AGS),AGS,Fm-3m,6.22,6.22,6.22,90,90,90,240.61,7.32,cif_files/AGS.cif,80,2.1,74
387,Au2S(AUS),AUS,Fm-3m,6.4,6.4,6.4,90,90,90,262.14,8.2,cif_files/AUS.cif,60,2.2,75
388,PtS(PTS),PTS,P-62m,3.36,3.36,5.7,90,90,120,56.5,9.8,cif_files/PTS.cif,40,2.3,76
389,PdS(PDS),PDS,P-62m,3.38,3.38,5.75,90,90,120,57.2,6.9,cif_files/PDS.cif,20,2.4,77
390,RhS(RHS),RHS,P-62m,3.39,3.39,5.8,90,90,120,57.9,8,cif_files/RHS.cif,10,2.5,78
391,IrS(IRS),IRS,P-62m,3.4,3.4,5.85,90,90,120,58.6,10,cif_files/IRS.cif,5,2.6,79
392,OsS(OSS),OSS,P-62m,3.41,3.41,5.9,90,90,120,59.3,11,cif_files/OSS.cif,2,2.7,80
393,RuS(RUS),RUS,P-62m,3.42,3.42,5.95,90,90,120,60,10,cif_files/RUS.cif,1,2.8,81
394,FeSe(FSE),FSE,Pnma,6,3.3,4.3,90,90,90,85,5.68,cif_files/FSE.cif,200,1.5,82
395,NiSe(NSE),NSE,P6_3/mmc,3.77,3.77,5.3,90,90,120,65,8.9,cif_files/NSE.cif,180,1.6,83
396,CoSe(CSE),CSE,P6_3/mmc,3.78,3.78,5.25,90,90,120,64,9.16,cif_files/CSE.cif,160,1.7,84
397,CuSe(CUSE),CUSE,P-62m,3.8,3.8,5.1,90,90,120,63,5.8,cif_files/CUSE.cif,140,1.4,85
398,ZnSe(ZNSE),ZNSE,F-43m,5.67,5.67,5.67,90,90,90,182,5.27,cif_files/ZNSE.cif,120,1.5,86
399,CdSe(CDSE),CDSE,P6_3mc,4.3,4.3,7,90,90,120,113,5.81,cif_files/CDSE.cif,100,1.6,87
400,HgSe(HGSE),HGSE,F-43m,6.08,6.08,6.08,90,90,90,224,8.09,cif_files/HGSE.cif,80,1.7,88
401,PbSe(PBSE),PBSE,Fm-3m,6.12,6.12,6.12,90,90,90,229,8.1,cif_files/PBSE.cif,60,1.8,89
402,Ag2Se(AGSE),AGSE,Fm-3m,6.5,6.5,6.5,90,90,90,274.63,8.06,cif_files/AGSE.cif,40,1.9,90
403,Au2Se(AUSE),AUSE,Fm-3m,6.6,6.6,6.6,90,90,90,287.49,9,cif_files/AUSE.cif,20,2,91
404,PtSe(PTSE),PTSE,P-62m,3.7,3.7,6.2,90,90,120,73,10,cif_files/PTSE.cif,10,2.1,92
405,PdSe(PDSE),PDSE,P-62m,3.72,3.72,6.25,90,90,120,74,8.5,cif_files/PDSE.cif,5,2.2,93
406,RhSe(RHSE),RHSE,P-62m,3.73,3.73,6.3,90,90,120,75,9.5,cif_files/RHSE.cif,2,2.3,94
407,IrSe(IRSE),IRSE,P-62m,3.74,3.74,6.35,90,90,120,76,11,cif_files/IRSE.cif,1,2.4,95
408,OsSe(OSSE),OSSE,P-62m,3.75,3.75,6.4,90,90,120,77,12,cif_files/OSSE.cif,0.5,2.5,96
409,RuSe(RUSE),RUSE,P-62m,3.76,3.76,6.45,90,90,120,78,11,cif_files/RUSE.cif,0.2,2.6,97
410,FeTe(FTE),FTE,Pnma,6.2,3.5,4.5,90,90,90,97,7,cif_files/FTE.cif,180,1.3,98
411,NiTe(NTE),NTE,P-62m,3.85,3.85,6.4,90,90,120,82,9.2,cif_files/NTE.cif,160,1.4,99
412,CoTe(CTE),COTE,P-62m,3.86,3.86,6.35,90,90,120,81,9.5,cif_files/COTE.cif,140,1.5,99.5
413,CuTe(CUTE),CUTE,P-62m,3.87,3.87,6.3,90,90,120,80,6.8,cif_files/CUTE.cif,120,1.2,99.8
414,ZnTe(ZNTE),ZNTE,F-43m,6.1,6.1,6.1,90,90,90,226.98,5.75,cif_files/ZNTE.cif,100,1.3,99.9
415,CdTe(CDTE),CDTE,F-43m,6.48,6.48,6.48,90,90,90,270.54,5.84,cif_files/CDTE.cif,80,1.4,99.95
416,HgTe(HGTE),HGTE,F-43m,6.46,6.46,6.46,90,90,90,268.08,8.95,cif_files/HGTE.cif,60,1.5,99.98
417,PbTe(PBTE),PBTE,Fm-3m,6.46,6.46,6.46,90,90,90,268.08,8.16,cif_files/PBTE.cif,40,1.6,99.99
418,Ag2Te(AGTE),AGTE,Fm-3m,6.7,6.7,6.7,90,90,90,300.76,8.3,cif_files/AGTE.cif,20,1.7,99.995
419,Au2Te(AUTE),AUTE,Fm-3m,6.8,6.8,6.8,90,90,90,314.43,10,cif_files/AUTE.cif,10,1.8,99.998
420,PtTe(PTTE),PTTE,P-62m,4.1,4.1,6.7,90,90,120,96,11,cif_files/PTTE.cif,5,1.9,99.999
421,PdTe(PDTE),PDTE,P-62m,4.12,4.12,6.75,90,90,120,97,9.5,cif_files/PDTE.cif,2,2,99.9995
422,RhTe(RHTE),RHTE,P-62m,4.13,4.13,6.8,90,90,120,98,10.5,cif_files/RHTE.cif,1,2.1,99.9998
423,IrTe(IRTE),IRTE,P-62m,4.14,4.14,6.85,90,90,120,99,12,cif_files/IRTE.cif,0.5,2.2,99.9999
424,OsTe(OSTE),OSTE,P-62m,4.15,4.15,6.9,90,90,120,100,13,cif_files/OSTE.cif,0.2,2.3,99.99995
425,RuTe(RUTE),RUTE,P-62m,4.16,4.16,6.95,90,90,120,101,12,cif_files/RUTE.cif,0.1,2.4,99.99998
426,FeAs(FAS),FAS,Pnma,6.3,3.6,4.6,90,90,90,104,7.2,cif_files/FAS.cif,160,1.2,99.99999
427,NiAs(NAS),NAS,P6_3/mmc,3.6,3.6,5,90,90,120,58,9.4,cif_files/NAS.cif,140,1.3,99.999995
428,CoAs(CAS),CAS,P6_3/mmc,3.58,3.58,4.98,90,90,120,56,9.7,cif_files/CAS.cif,120,1.4,99.999998
429,CuAs(CUAS),CUAS,P-62m,3.62,3.62,5.05,90,90,120,59,7,cif_files/CUAS.cif,100,1.1,99.999999
430,ZnAs(ZNAS),ZNAS,P6_3/mmc,3.95,3.95,5.2,90,90,120,70,6,cif_files/ZNAS.cif,80,1.2,100
431,CdAs(CDAS),CDAS,P6_3/mmc,4,4,5.25,90,90,120,72,6.2,cif_files/CDAS.cif,60,1.3,100
432,HgAs(HGAS),HGAS,P6_3/mmc,4.05,4.05,5.3,90,90,120,74,9.2,cif_files/HGAS.cif,40,1.4,100
433,PbAs(PBAS),PBAS,Pnma,6.35,3.65,4.65,90,90,90,106,8.2,cif_files/PBAS.cif,20,1.5,100
434,Ag2As(AGAS),AGAS,Fm-3m,6.8,6.8,6.8,90,90,90,314.43,8.5,cif_files/AGAS.cif,10,1.6,100
435,Au2As(AUAS),AUAS,Fm-3m,6.9,6.9,6.9,90,90,90,328.51,10.2,cif_files/AUAS.cif,5,1.7,100
436,PtAs(PTAS),PTAS,P-62m,3.9,3.9,6,90,90,120,78,11.2,cif_files/PTAS.cif,2,1.8,100
437,PdAs(PDAS),PDAS,P-62m,3.92,3.92,6.05,90,90,120,79,9.7,cif_files/PDAS.cif,1,1.9,100
438,RhAs(RHAS),RHAS,P-62m,3.93,3.93,6.1,90,90,120,80,10.7,cif_files/RHAS.cif,0.5,2,100
439,IrAs(IRAS),IRAS,P-62m,3.94,3.94,6.15,90,90,120,81,12.2,cif_files/IRAS.cif,0.2,2.1,100
440,OsAs(OSAS),OSAS,P-62m,3.95,3.95,6.2,90,90,120,82,13.2,cif_files/OSAS.cif,0.1,2.2,100
441,RuAs(RUAS),RUAS,P-62m,3.96,3.96,6.25,90,90,120,83,12.2,cif_files/RUAS.cif,0.05,2.3,100
442,FeSb(FSb),FESB,Pnma,6.4,3.7,4.7,90,90,90,111,7.4,cif_files/FESB.cif,140,1.1,100
443,NiSb(NISb),NISB,P6_3/mmc,4.05,4.05,5.1,90,90,120,76,9.6,cif_files/NISB.cif,120,1.2,100
444,CoSb(CoSb),COSB,P6_3/mmc,4.03,4.03,5.08,90,90,120,74,9.9,cif_files/COSB.cif,100,1.3,100
445,CuSb(CUSb),CUSB,P-62m,4.07,4.07,5.15,90,90,120,77,7.2,cif_files/CUSB.cif,80,1,100
446,ZnSb(ZnSb),ZNSB,P6_3/mmc,4.25,4.25,5.4,90,90,120,86,6.2,cif_files/ZNSB.cif,60,1.1,100
447,CdSb(CdSb),CDSB,P6_3/mmc,4.3,4.3,5.45,90,90,120,88,6.4,cif_files/CDSB.cif,40,1.2,100
448,HgSb(HgSb),HGSB,P6_3/mmc,4.35,4.35,5.5,90,90,120,90,9.4,cif_files/HGSB.cif,20,1.3,100
449,PbSb(PbSb),PBSB,Pnma,6.45,3.75,4.75,90,90,90,113,8.4,cif_files/PBSB.cif,10,1.4,100
450,Ag2Sb(AGSB),AGSB,Fm-3m,6.9,6.9,6.9,90,90,90,328.51,8.7,cif_files/AGSB.cif,5,1.5,100
451,Au2Sb(AUSB),AUSB,Fm-3m,7,7,7,90,90,90,343,10.4,cif_files/AUSB.cif,2,1.6,100
452,PtSb(PTSB),PTSB,P-62m,4.1,4.1,6.1,90,90,120,92,11.4,cif_files/PTSB.cif,1,1.7,100
453,PdSb(PDSB),PDSB,P-62m,4.12,4.12,6.15,90,90,120,93,9.9,cif_files/PDSB.cif,0.5,1.8,100
454,RhSb(RHSB),RHSB,P-62m,4.13,4.13,6.2,90,90,120,94,10.9,cif_files/RHSB.cif,0.2,1.9,100
455,IrSb(IRSB),IRSB,P-62m,4.14,4.14,6.25,90,90,120,95,12.4,cif_files/IRSB.cif,0.1,2,100
456,OsSb(OSSB),OSSB,P-62m,4.15,4.15,6.3,90,90,120,96,13.4,cif_files/OSSB.cif,0.05,2.1,100
457,RuSb(RUSB),RUSB,P-62m,4.16,4.16,6.35,90,90,120,97,12.4,cif_files/RUSB.cif,0.02,2.2,100
458,FeBi(FBI),FEBI,Pnma,6.5,3.8,4.8,90,90,90,118,7.6,cif_files/FEBI.cif,120,1,100
459,NiBi(NBI),NIBI,P6_3/mmc,4.1,4.1,5.2,90,90,120,80,9.8,cif_files/NIBI.cif,100,1.1,100
460,CoBi(CBI),COBI,P6_3/mmc,4.08,4.08,5.18,90,90,120,78,10.1,cif_files/COBI.cif,80,1.2,100
461,CuBi(CUBI),CUBI,P-62m,4.12,4.12,5.25,90,90,120,81,7.4,cif_files/CUBI.cif,60,0.9,100
462,ZnBi(ZNBI),ZNBI,P6_3/mmc,4.3,4.3,5.5,90,90,120,90,6.4,cif_files/ZNBI.cif,40,1,100
463,CdB(CDBI),CDBI,P6_3/mmc,4.35,4.35,5.55,90,90,120,92,6.6,cif_files/CDBI.cif,20,1.1,100
464,HgBi(HGBI),HGBI,P6_3/mmc,4.4,4.4,5.6,90,90,120,94,9.6,cif_files/HGBI.cif,10,1.2,100
465,PbBi(PBBI),PBBI,Pnma,6.55,3.85,4.85,90,90,90,120,8.6,cif_files/PBBI.cif,5,1.3,100
466,Ag2Bi(AGBI),AGBI,Fm-3m,7,7,7,90,90,90,343,8.9,cif_files/AGBI.cif,2,1.4,100
467,Au2Bi(AUBI),AUBI,Fm-3m,7.1,7.1,7.1,90,90,90,357.91,10.6,cif_files/AUBI.cif,1,1.5,100
468,PtBi(PTBI),PTBI,P-62m,4.3,4.3,6.2,90,90,120,106,11.6,cif_files/PTBI.cif,0.5,1.6,100
469,PdB(PDBI),PDBI,P-62m,4.32,4.32,6.25,90,90,120,107,10.1,cif_files/PDBI.cif,0.2,1.7,100
470,RhBi(RHBI),RHBI,P-62m,4.33,4.33,6.3,90,90,120,108,11.1,cif_files/RHBI.cif,0.1,1.8,100
471,IrBi(IRBI),IRBI,P-62m,4.34,4.34,6.35,90,90,120,109,12.6,cif_files/IRBI.cif,0.05,1.9,100
472,OsBi(OSBI),OSBI,P-62m,4.35,4.35,6.4,90,90,120,110,13.6,cif_files/OSBI.cif,0.02,2,100
473,RuBi(RUBI),RUBI,P-62m,4.36,4.36,6.45,90,90,120,111,12.6,cif_files/RUBI.cif,0.01,2.1,100
474,FeCl(FCL),FECL,P6_3/mmc,3.8,3.8,5.7,90,90,120,70,3,cif_files/FECL.cif,100,1,100
475,NiCl(NCL),NICL,P6_3/mmc,3.52,3.52,5.6,90,90,120,60,3.3,cif_files/NICL.cif,90,1.1,100
476,CoCl(CCL),COCL,P6_3/mmc,3.5,3.5,5.58,90,90,120,58,3.4,cif_files/COCL.cif,80,1.2,100
477,CuCl(CUCL),CUCL,Pnma,7,3.6,3.4,90,90,90,85,4.1,cif_files/CUCL.cif,70,0.9,100
478,ZnCl(ZNCL),ZNCL,P6_3/mmc,4,4,5.9,90,90,120,78,2.9,cif_files/ZNCL.cif,60,1,100
479,CdCl(CDCL),CDCL,P6_3/mmc,4.05,4.05,5.95,90,90,120,80,4,cif_files/CDCL.cif,50,1.1,100
480,HgCl(HGCL),HGCL,Pnma,4.09,9.8,3.99,90,102,90,158,5.6,cif_files/HGCL.cif,40,1.2,100
481,PbCl(PBCL),PBCL,Pnma,7.4,4,8.8,90,90,90,260,5.3,cif_files/PBCL.cif,30,1.3,100
482,AgCl(AGCL),AGCL,Fm-3m,5.55,5.55,5.55,90,90,90,171.03,5.56,cif_files/AGCL.cif,20,1.4,100
483,AuCl(AUCL),AUCL,Fm-3m,5.65,5.65,5.65,90,90,90,180.3,7.6,cif_files/AUCL.cif,10,1.5,100
484,PtCl(PTCL),PTCL,Fm-3m,5.75,5.75,5.75,90,90,90,190.1,8.6,cif_files/PTCL.cif,5,1.6,100
485,PdCl(PDCL),PDCL,Fm-3m,5.85,5.85,5.85,90,90,90,200.44,7.1,cif_files/PDCL.cif,2,1.7,100
486,RhCl(RHCL),RHCL,Fm-3m,5.95,5.95,5.95,90,90,90,211.31,8.1,cif_files/RHCL.cif,1,1.8,100
487,IrCl(IRCL),IRCL,Fm-3m,6.05,6.05,6.05,90,90,90,222.72,10.6,cif_files/IRCL.cif,0.5,1.9,100
488,OsCl(OSCL),OSCL,Fm-3m,6.15,6.15,6.15,90,90,90,234.67,11.6,cif_files/OSCL.cif,0.2,2,100
489,RuCl(RUCL),RUCL,Fm-3m,6.25,6.25,6.25,90,90,90,247.16,10.6,cif_files/RUCL.cif,0.1,2.1,100
490,FeBr(FBR),FEBR,P6_3/mmc,3.85,3.85,5.75,90,90,120,72,4.2,cif_files/FEBR.cif,80,0.9,100
491,NiBr(NBR),NIBR,P6_3/mmc,3.57,3.57,5.65,90,90,120,62,4.5,cif_files/NIBR.cif,70,1,100
492,CoBr(CBR),COBR,P6_3/mmc,3.55,3.55,5.63,90,90,120,60,4.6,cif_files/COBR.cif,60,1.1,100
493,CuBr(CUBR),CUBR,Pnma,7.2,3.7,3.5,90,90,90,92,5.3,cif_files/CUBR.cif,50,0.8,100
494,ZnBr(ZNBR),ZNBR,P6_3/mmc,4.05,4.05,5.95,90,90,120,80,4.1,cif_files/ZNBR.cif,40,0.9,100
495,CdBr(CDBR),CDBR,P6_3/mmc,4.1,4.1,6,90,90,120,82,5.2,cif_files/CDBR.cif,30,1,100
496,HgBr(HGBR),HGBR,Pnma,4.14,9.9,4.04,90,102,90,162,6.8,cif_files/HGBR.cif,20,1.1,100
497,PbBr(PBBR),PBBR,Pnma,7.5,4.1,8.9,90,90,90,266,6.5,cif_files/PBBR.cif,10,1.2,100
498,AgBr(AGBR),AGBR,Fm-3m,5.77,5.77,5.77,90,90,90,192.03,6.47,cif_files/AGBR.cif,5,1.3,100
499,AuBr(AUBR),AUBR,Fm-3m,5.87,5.87,5.87,90,90,90,202.27,8.8,cif_files/AUBR.cif,2,1.4,100
500,PtBr(PTBR),PTBR,Fm-3m,5.97,5.97,5.97,90,90,90,213.11,9.8,cif_files/PTBR.cif,1,1.5,100
